triplet_id,query_id,target_id1,target_id2
3,2338816,2324945,2416236
4,2338816,2340743,2415852
9,2338816,2324945,2340743
14,2332675,2411533,2318754
15,2332675,2340094,2328062
18,2332675,2416883,2411533
19,2332675,2328274,2416883
42,2416649,2338421,2339467
51,2320396,2325138,2334381
52,2320396,2325138,2415509
56,2320396,2415436,2337238
66,2328588,2330138,2326045
93,2340890,2328658,2321788
94,2340890,2333169,2329113
96,2340890,2321788,2341979
100,2340890,2341979,2329290
105,2334748,2317070,2329507
108,2334748,2343282,2329507
110,2334748,2343282,2332322
112,2324510,2315692,2317185
114,2324510,2331915,2315692
117,2324510,2324520,2339678
129,2330658,2331719,2319115
131,2330660,2328885,2330272
134,2330660,2337331,2340178
135,2330660,2322657,2337331
136,2330660,2330272,2416589
150,2326566,2322515,2334098
158,2342951,2335053,2338028
162,2342953,2339490,2330375
163,2342953,2339490,2338407
165,2342953,2326960,2315684
168,2342953,2332527,2330817
171,2324522,2332940,2323627
174,2324522,2323497,2331177
175,2324522,2323497,2414708
176,2324522,2320634,2319853
183,2332713,2336947,2317337
184,2332713,2413262,2317345
195,2318377,2413726,2335437
196,2318377,2335437,2329788
204,2326569,2316376,2322664
207,2326569,2338254,2322225
242,2326582,2328873,2416704
249,2326582,2415339,2318495
254,2324533,2338237,2416767
259,2324533,2415387,2416767
260,2324533,2416490,2322743
268,2338875,2322594,2334064
280,2318396,2328373,2332752
281,2338880,2340697,2336871
282,2338880,2335146,2339084
284,2338880,2336871,2338618
325,2414668,2335157,2319054
338,2416719,2416974,2317563
341,2322514,2416808,2334972
345,2322514,2336090,2416656
348,2322514,2322390,2336090
350,2322514,2416656,2327987
351,2326611,2340764,2331822
354,2326611,2322159,2340305
355,2326611,2411904,2322159
364,2414677,2334702,2342972
365,2414677,2342972,2417859
369,2414677,2342972,2326039
374,2318424,2415065,2336345
376,2318424,2342181,2318498
397,2324572,2337452,2342987
401,2330721,2331215,2339252
406,2330721,2416344,2332889
410,2330721,2335277,2317854
411,2336866,2329136,2333012
426,2326627,2337082,2343474
430,2326627,2334972,2341832
432,2318435,2323711,2323240
442,2322531,2316586,2325850
443,2322531,2316586,2333439
444,2322531,2319377,2341200
450,2322531,2340160,2413853
453,2324579,2328320,2327714
461,2338919,2338970,2327764
490,2340974,2317816,2323138
493,2343024,2325771,2332046
497,2343024,2325771,2320780
514,2338931,2416849,2316434
516,2338931,2330139,2318701
520,2338931,2325882,2316434
525,2324598,2341974,2320519
530,2324598,2325092,2340654
534,2330745,2412634,2336296
537,2330745,2412634,2339881
538,2330745,2339736,2323762
540,2330745,2328268,2339736
549,2412670,2327907,2330118
552,2320510,2338873,2416515
553,2320510,2334710,2338868
554,2320510,2326640,2324489
560,2320510,2321003,2326640
561,2414722,2327402,2340230
575,2332804,2331654,2318252
583,2334852,2414289,2325771
586,2334852,2331067,2325467
591,2316427,2340469,2327993
595,2316427,2324638,2324169
597,2316427,2417401,2316220
610,2412684,2320006,2334836
613,2334863,2316762,2317705
631,2341009,2413210,2321047
634,2341009,2342751,2341726
635,2341009,2320737,2417991
642,2341011,2322034,2328987
648,2341011,2322034,2328468
674,2320548,2319593,2330711
679,2320548,2337181,2331961
692,2414763,2331704,2325917
706,2412716,2331824,2333447
707,2412716,2329493,2415883
713,2326702,2318065,2317441
717,2326702,2340773,2343373
733,2338994,2317808,2415838
736,2338994,2324030,2323522
741,2324659,2324196,2343725
742,2324659,2411594,2324196
746,2324659,2334032,2334395
747,2324659,2417591,2317335
751,2316470,2413343,2412622
764,2343096,2341843,2338664
767,2343096,2332908,2321448
769,2343096,2340819,2338664
779,2316475,2338721,2333674
780,2316475,2338721,2337571
785,2334909,2323049,2325653
798,2330816,2326641,2326207
800,2330816,2323534,2320737
802,2328769,2329400,2341240
805,2328769,2337154,2411598
806,2328769,2317206,2330536
808,2328769,2337321,2341549
809,2328769,2317206,2330431
814,2326722,2340417,2325295
815,2326722,2417498,2337296
818,2326722,2319377,2325295
820,2326722,2416417,2326897
823,2416834,2325467,2326742
834,2341059,2335175,2412364
836,2341059,2327549,2412364
838,2341059,2334008,2327549
841,2322630,2334809,2326695
878,2412746,2315723,2330250
880,2412746,2327246,2321164
890,2416843,2318495,2317345
910,2339022,2414865,2412557
914,2334927,2335986,2338301
918,2334927,2319297,2338301
932,2412753,2337072,2330666
934,2412753,2326552,2339606
938,2412753,2337072,2333122
939,2412753,2414013,2328456
940,2412753,2338545,2330130
960,2324691,2333480,2323724
961,2324692,2319138,2415602
962,2324692,2337294,2337644
969,2324692,2342462,2327558
972,2416853,2412930,2324718
974,2416853,2338144,2325467
979,2416853,2324718,2330052
981,2326744,2320234,2327520
982,2326744,2339774,2320234
985,2326744,2322248,2416524
988,2326744,2326908,2324897
991,2322651,2331917,2328778
995,2322651,2338487,2338034
1003,2316508,2342974,2322271
1005,2316508,2343204,2336155
1006,2316508,2416789,2334322
1010,2316508,2334092,2343204
1018,2324705,2331140,2333652
1020,2324705,2316952,2412937
1029,2343138,2332889,2414330
1030,2343138,2323001,2336274
1031,2316519,2415829,2327753
1033,2316519,2336649,2316014
1043,2318568,2329877,2417188
1045,2318568,2335288,2316930
1047,2318568,2317306,2412002
1050,2318568,2417188,2411703
1055,2416871,2327147,2324429
1060,2416871,2327147,2332369
1070,2339049,2413991,2316680
1072,2332907,2319126,2316434
1094,2320621,2321729,2342309
1108,2339053,2329963,2320752
1114,2337013,2340502,2341726
1121,2416886,2329441,2340157
1124,2416886,2327287,2317587
1127,2416886,2339542,2332248
1128,2416886,2337807,2323038
1129,2416886,2335986,2412424
1131,2332919,2337090,2336220
1135,2332919,2343474,2336220
1138,2332919,2337090,2326868
1147,2341112,2330349,2319659
1151,2322680,2329825,2416435
1153,2322680,2336486,2414781
1155,2322680,2326143,2336476
1157,2322680,2326143,2339374
1164,2328826,2336814,2337389
1166,2328826,2320037,2341371
1180,2320635,2412711,2337366
1192,2320642,2321499,2321542
1193,2320642,2319303,2334879
1196,2320642,2321499,2322230
1216,2332932,2341169,2337659
1218,2332932,2321643,2331055
1221,2320644,2322188,2340798
1223,2320644,2320594,2324421
1225,2320644,2328322,2332520
1239,2326789,2329918,2342258
1240,2326789,2341368,2331914
1242,2343179,2337623,2416305
1279,2318606,2341554,2326320
1282,2416911,2327882,2343197
1288,2416911,2337296,2343204
1289,2416911,2328847,2331961
1296,2328847,2412721,2413709
1305,2341138,2320337,2415436
1308,2341138,2341419,2323809
1318,2322707,2414947,2323945
1321,2412825,2336864,2316843
1330,2412825,2337478,2341760
1343,2320668,2317987,2326859
1349,2320668,2415643,2341545
1354,2316574,2342294,2338828
1367,2322716,2319461,2330589
1368,2322716,2415827,2321003
1373,2335005,2318077,2417296
1374,2335005,2339529,2324253
1377,2335005,2324253,2328480
1378,2335005,2329485,2339529
1388,2318620,2335239,2413474
1390,2318620,2315559,2318577
1391,2341155,2320486,2332449
1392,2341155,2413816,2326790
1395,2341155,2335022,2413816
1397,2341155,2338780,2326357
1398,2341155,2317375,2413816
1399,2341155,2317375,2326322
1400,2341155,2324712,2335022
1401,2343204,2417066,2417940
1404,2343204,2328970,2330902
1405,2343204,2417066,2417311
1410,2343204,2320848,2316508
1411,2326821,2321743,2317125
1413,2326821,2316937,2415069
1414,2326821,2415069,2417188
1424,2316581,2321003,2331700
1425,2316581,2333410,2334921
1430,2316581,2322531,2328574
1436,2412838,2416906,2341586
1441,2339109,2334896,2320634
1443,2339109,2337597,2317250
1444,2339109,2328280,2337022
1447,2339109,2317250,2328280
1473,2322730,2417278,2327674
1478,2322730,2322278,2315368
1479,2322730,2327961,2334815
1482,2341163,2340465,2322978
1494,2337068,2411525,2327116
1496,2337068,2316369,2334656
1499,2337068,2324763,2342283
1511,2337071,2325171,2340615
1514,2337071,2340615,2411915
1516,2337071,2325868,2334599
1518,2337071,2338361,2336994
1519,2337071,2411915,2342945
1520,2337071,2336994,2341794
1526,2343218,2341534,2320889
1529,2343218,2414792,2416036
1545,2326839,2333521,2327493
1553,2416951,2315559,2326833
1554,2416951,2315559,2318895
1556,2416951,2318326,2318577
1557,2416951,2329581,2341853
1559,2416951,2413096,2342965
1561,2318647,2317621,2340478
1576,2332986,2340493,2412686
1584,2341176,2343708,2319188
1585,2341176,2320024,2331626
1586,2341176,2321643,2411693
1588,2341176,2343708,2323181
1589,2341176,2319188,2331326
1591,2324796,2332488,2316618
1608,2324797,2412737,2323186
1613,2412860,2412140,2322184
1616,2412860,2337132,2412140
1625,2316607,2341114,2413604
1638,2414912,2342540,2343699
1642,2322746,2327210,2337344
1643,2322746,2339503,2327210
1645,2322746,2318900,2412431
1649,2322746,2339503,2338117
1657,2416962,2415885,2340739
1666,2416957,2330050,2342510
1676,2343228,2325666,2316710
1678,2343228,2343316,2341748
1686,2341191,2337082,2334337
1687,2341191,2319606,2341966
1692,2414920,2342731,2413599
1694,2414920,2340177,2319749
1697,2414920,2415377,2321104
1698,2414920,2319065,2316278
1711,2320718,2335411,2330733
1714,2320718,2321383,2324367
1717,2320718,2321387,2321259
1718,2320718,2342233,2321259
1720,2320718,2335411,2320902
1721,2339150,2327640,2341579
1726,2339150,2325613,2333466
1727,2339150,2320565,2341204
1728,2339150,2333983,2335618
1730,2339150,2341204,2327640
1734,2343252,2342161,2328992
1736,2343252,2328524,2323550
1741,2333016,2337378,2337071
1743,2333016,2325171,2337378
1745,2333016,2416127,2337213
1772,2322787,2417489,2325475
1774,2322787,2322972,2321628
1788,2316643,2339720,2322382
1791,2339172,2342353,2320406
1793,2339172,2326622,2413589
1794,2339172,2339750,2342103
1796,2339172,2326622,2339499
1804,2335078,2417682,2416869
1821,2337130,2342015,2316902
1828,2337130,2337992,2332295
1835,2417005,2342555,2322248
1837,2417005,2415581,2413830
1839,2417005,2413830,2320461
1841,2316660,2339683,2329262
1844,2316660,2336645,2332728
1846,2316660,2321477,2411893
1852,2320757,2325407,2327530
1865,2343288,2338956,2322477
1876,2343290,2330413,2417220
1877,2343290,2329242,2343710
1878,2343290,2417669,2330413
1879,2343290,2416922,2325803
1881,2417023,2320205,2342135
1882,2417023,2342135,2319286
1886,2417023,2342135,2321642
1888,2417023,2321642,2321053
1890,2417023,2317130,2320293
1891,2333057,2413214,2338618
1924,2339206,2333558,2417208
1928,2339206,2415478,2322659
1930,2339206,2341882,2320745
1936,2320779,2326670,2326087
1937,2320779,2321865,2341351
1938,2320779,2338624,2326087
1942,2343310,2330330,2315421
1949,2343310,2414330,2330330
1955,2343312,2334378,2412759
1960,2343312,2332511,2336043
1961,2318738,2336763,2315701
1967,2318738,2336763,2338545
1970,2318738,2320525,2343286
1973,2318739,2324680,2318797
1974,2318739,2327208,2316393
1975,2318739,2324680,2316393
1978,2318739,2316393,2334749
1992,2326931,2318662,2336474
1994,2326931,2315771,2417025
1998,2326931,2325856,2336474
2011,2331031,2331303,2315611
2013,2331031,2331817,2416276
2015,2331031,2320289,2411704
2016,2331031,2320289,2321005
2019,2331031,2415713,2416276
2020,2331031,2321005,2331817
2024,2335130,2332530,2411552
2032,2343325,2415855,2322737
2033,2343325,2413229,2415855
2034,2343325,2415855,2317708
2035,2343325,2337808,2340077
2038,2343325,2316124,2317708
2046,2318750,2320584,2415363
2048,2318750,2331387,2317764
2052,2412960,2332020,2328524
2056,2412960,2332020,2329413
2060,2412960,2333649,2316885
2062,2328992,2332700,2415581
2063,2328992,2326001,2326909
2066,2328992,2336668,2326001
2070,2328992,2342161,2332700
2083,2339239,2326368,2341623
2090,2339239,2317833,2320478
2092,2339240,2333501,2334911
2099,2339240,2322188,2319972
2106,2337192,2329475,2342965
2107,2337192,2326513,2342567
2114,2318762,2413625,2337608
2153,2322863,2337157,2412090
2154,2322863,2325790,2327291
2156,2322863,2332685,2325790
2158,2322863,2337157,2342433
2160,2322863,2340990,2325790
2177,2326963,2328269,2315436
2181,2337206,2342020,2343162
2186,2337206,2324579,2417237
2192,2333116,2337902,2321288
2193,2333116,2342644,2337465
2194,2333116,2321288,2417439
2195,2333116,2328060,2416434
2196,2333116,2320133,2315505
2197,2333116,2333734,2337465
2198,2333116,2336796,2321288
2200,2333116,2328060,2317173
2215,2343358,2342610,2341560
2220,2343358,2329195,2318094
2223,2412991,2317545,2412381
2224,2412991,2336238,2327985
2228,2412991,2336238,2318390
2236,2322880,2335648,2328511
2238,2322880,2320043,2341915
2245,2337217,2326914,2413090
2250,2337217,2341686,2318121
2252,2343364,2316360,2417237
2253,2343364,2326458,2316360
2255,2343364,2415596,2341610
2258,2343364,2416767,2316767
2267,2417094,2341974,2415751
2269,2417094,2342195,2417216
2272,2322897,2318448,2332527
2274,2322897,2332527,2322001
2277,2322897,2318448,2411533
2298,2324955,2342211,2317250
2301,2324956,2319504,2416658
2307,2324956,2321277,2416658
2317,2320859,2342445,2319326
2326,2316765,2417288,2321741
2332,2415071,2337496,2327195
2339,2415071,2326082,2342688
2342,2335200,2343686,2326636
2353,2333153,2339425,2343546
2357,2333153,2340998,2335381
2359,2333153,2328556,2329559
2361,2337250,2319130,2412502
2363,2337250,2336565,2335298
2364,2337250,2413090,2412502
2365,2337250,2330772,2336498
2367,2337250,2319130,2330772
2371,2322915,2414657,2332728
2373,2322915,2326675,2335855
2392,2320871,2331599,2415604
2397,2320871,2415940,2415604
2398,2320871,2415604,2339812
2418,2341356,2319107,2412409
2431,2318830,2333605,2331055
2433,2318830,2316402,2333605
2434,2318830,2317767,2325291
2435,2318830,2329595,2333605
2438,2318830,2322120,2333605
2455,2341360,2329763,2413936
2470,2339313,2337283,2316328
2475,2335212,2335514,2334574
2477,2335212,2334226,2323837
2479,2335212,2317773,2323837
2494,2327030,2317920,2414891
2498,2327030,2335718,2316692
2504,2331130,2416656,2334399
2508,2331130,2415246,2319606
2509,2331130,2340479,2413648
2511,2333187,2339667,2322120
2516,2333187,2326321,2412825
2520,2333187,2327758,2320794
2532,2329097,2316920,2328576
2537,2329097,2333356,2328576
2551,2333196,2331198,2325331
2555,2333196,2331198,2332735
2557,2333196,2326584,2335136
2558,2333196,2332735,2326584
2560,2333196,2413258,2336529
2572,2339341,2318071,2416746
2580,2339341,2316823,2416746
2587,2417167,2326229,2324727
2589,2417167,2417236,2318852
2591,2337295,2331977,2329624
2600,2337295,2339144,2331127
2601,2331151,2317240,2413408
2602,2331151,2324860,2331883
2604,2331151,2317240,2339539
2607,2331151,2415677,2412942
2608,2331151,2316893,2331312
2609,2331151,2413408,2331633
2635,2337304,2333326,2316138
2638,2337304,2326304,2413180
2643,2325017,2326667,2323632
2648,2325017,2335813,2319160
2673,2322978,2319065,2325260
2679,2322978,2337779,2325240
2683,2327076,2412759,2334611
2686,2327076,2316170,2316274
2687,2327076,2334611,2323044
2701,2337324,2324214,2339803
2705,2337324,2325767,2341296
2707,2337324,2323672,2339803
2713,2341424,2413993,2328232
2715,2341424,2317340,2328232
2732,2318897,2343229,2412303
2734,2318897,2343229,2416974
2738,2318897,2315857,2342794
2751,2343477,2336614,2343282
2753,2343477,2333202,2337269
2774,2417208,2315963,2334310
2777,2417208,2333511,2320760
2778,2417208,2320745,2334290
2780,2417208,2315963,2340114
2786,2417210,2335205,2334656
2789,2417210,2342761,2324589
2794,2323006,2415377,2340465
2806,2417215,2319880,2318952
2815,2331209,2413253,2417317
2819,2331209,2413888,2317773
2830,2316874,2413917,2323647
2835,2323021,2320248,2336064
2839,2323021,2334224,2335725
2840,2323021,2317918,2329585
2841,2417231,2316566,2317682
2845,2417231,2340556,2331719
2850,2417231,2316566,2318665
2852,2341456,2412737,2328893
2856,2341456,2330336,2415303
2892,2413140,2415032,2326892
2897,2413140,2340174,2330831
2905,2316885,2342975,2318122
2912,2335318,2323254,2328300
2913,2335318,2318807,2323254
2914,2335318,2416015,2415548
2915,2335318,2415548,2339543
2932,2320985,2322108,2323760
2938,2320985,2323737,2332849
2942,2413145,2342701,2411893
2959,2318939,2327468,2413982
2961,2323038,2316107,2337807
2965,2323038,2329562,2413587
2974,2331230,2334939,2317955
2980,2331230,2332001,2323638
2982,2337381,2324869,2340827
2984,2337381,2340827,2319958
3000,2325093,2324199,2332322
3002,2343527,2412892,2417971
3023,2413164,2335266,2328083
3025,2413164,2411768,2325865
3029,2413164,2328152,2327737
3046,2321008,2331607,2338093
3051,2321011,2332842,2415581
3054,2321011,2342715,2315840
3059,2321011,2325809,2337803
3068,2316919,2328041,2337014
3097,2341498,2417848,2335872
3102,2331256,2341156,2325008
3104,2331256,2325008,2336196
3112,2413186,2337238,2339499
3115,2413186,2413967,2339499
3119,2413186,2326602,2337238
3124,2337412,2327641,2316123
3132,2325127,2334076,2318410
3137,2325127,2414815,2339241
3142,2415242,2334626,2332530
3143,2415242,2412269,2412526
3149,2415242,2325868,2324099
3171,2343571,2318656,2416202
3179,2343571,2330854,2416202
3181,2417300,2327007,2328715
3186,2417300,2322942,2342971
3216,2329240,2317916,2331996
3218,2329240,2333238,2324228
3220,2329240,2319461,2333312
3223,2335385,2323195,2341206
3228,2335385,2323195,2331334
3231,2343578,2324634,2320850
3239,2343578,2342169,2324634
3249,2331290,2333926,2342103
3251,2339481,2324496,2320229
3255,2339481,2337652,2327004
3273,2341534,2336685,2412221
3286,2417312,2336254,2412094
3287,2417312,2417793,2332182
3306,2417314,2330024,2336679
3307,2417314,2332329,2417887
3308,2417314,2325619,2316095
3309,2417314,2343396,2325619
3317,2331299,2334879,2326383
3329,2417316,2323179,2319659
3348,2413222,2328414,2413148
3351,2335399,2322480,2317054
3360,2335399,2321690,2323778
3361,2321059,2332607,2342317
3368,2321059,2343086,2417416
3372,2327209,2411915,2321401
3375,2327209,2334599,2321401
3377,2327209,2411915,2337213
3378,2327209,2336994,2331187
3391,2333363,2339330,2417291
3400,2333363,2412725,2333861
3410,2319030,2329763,2416663
3413,2335415,2316492,2334620
3422,2333367,2318410,2316675
3430,2333367,2321843,2315490
3438,2339510,2326875,2416979
3442,2337464,2416391,2318001
3444,2337464,2323988,2321302
3453,2319042,2318254,2320387
3455,2319042,2316727,2317125
3456,2319042,2318254,2335636
3457,2319042,2318254,2417542
3459,2319042,2319392,2318254
3461,2341574,2325142,2341881
3464,2341574,2343000,2341881
3466,2341574,2339693,2320109
3474,2321098,2342866,2317705
3477,2321098,2325558,2324220
3489,2329290,2337321,2336623
3509,2415307,2416102,2324580
3511,2413263,2342717,2335109
3520,2413263,2330339,2338106
3526,2343632,2329423,2416313
3527,2343632,2329423,2324683
3549,2339538,2332641,2324086
3554,2317012,2411648,2336532
3559,2317012,2414285,2411648
3560,2317012,2334469,2320740
3565,2321107,2332570,2324815
3566,2321107,2337805,2320327
3568,2321107,2319314,2413928
3570,2321107,2319298,2324815
3574,2329302,2335700,2341682
3577,2329302,2341986,2315511
3579,2329302,2333952,2337709
3583,2339542,2413587,2332248
3584,2339542,2413587,2337807
3588,2339542,2416720,2317265
3590,2339542,2320087,2332248
3596,2319065,2343070,2343039
3611,2323165,2338805,2342329
3615,2323165,2411594,2319438
3616,2323165,2338805,2413683
3619,2323165,2338805,2342159
3622,2341599,2333756,2327752
3624,2341599,2417490,2317927
3626,2341599,2417490,2320525
3629,2341599,2336172,2333756
3633,2321120,2340174,2332472
3641,2319073,2415840,2326808
3648,2319073,2337507,2327734
3659,2325222,2325475,2335758
3663,2413287,2415024,2315450
3675,2339560,2317867,2340764
3676,2339560,2417783,2339652
3680,2339560,2412286,2319881
3682,2333417,2324518,2328062
3690,2333417,2415693,2324518
3692,2335466,2326770,2337090
3695,2335466,2343011,2333618
3699,2335466,2341286,2413648
3701,2343659,2327424,2414058
3707,2343659,2338049,2340692
3721,2333424,2327400,2341350
3723,2333424,2323751,2316072
3729,2333424,2411739,2341350
3733,2335474,2417669,2331166
3751,2321142,2319680,2343614
3762,2317047,2315398,2322051
3766,2317047,2326836,2315398
3768,2317047,2340720,2417674
3770,2317047,2417674,2316462
3771,2413304,2318606,2332365
3774,2413304,2328984,2332365
3778,2413304,2411608,2332365
3780,2413304,2341894,2337448
3800,2413305,2329546,2415315
3803,2325242,2318850,2335764
3807,2325242,2315579,2319137
3809,2325242,2318850,2413604
3823,2341629,2342512,2415344
3831,2327294,2330546,2342701
3832,2327294,2336645,2321477
3837,2327294,2329592,2321477
3839,2327294,2336779,2329262
3840,2327294,2321477,2342701
3843,2321147,2325240,2319075
3844,2321147,2323827,2325240
3857,2417409,2415667,2342797
3859,2417409,2343604,2415667
3882,2341641,2320806,2337090
3902,2341648,2319265,2339951
3908,2341648,2322107,2415242
3909,2341648,2415242,2320807
3920,2323223,2321603,2325467
3924,2415384,2321115,2412797
3926,2415384,2342800,2324131
3935,2331418,2333498,2327101
3941,2319131,2342842,2417316
3958,2333466,2339150,2336235
3961,2341661,2324553,2328460
3967,2341661,2340979,2339324
3976,2321182,2330188,2319511
3989,2413342,2322705,2315521
4020,2327322,2414473,2316227
4025,2317093,2328720,2319593
4043,2417450,2342150,2325326
4046,2417450,2325451,2329751
4047,2417450,2325451,2415643
4049,2417450,2331320,2329751
4050,2417450,2325233,2329751
4053,2331436,2411703,2411549
4060,2331436,2411549,2330843
4061,2417453,2415067,2416849
4082,2319152,2342644,2323257
4091,2331445,2339683,2339686
4093,2331445,2339686,2342305
4094,2331445,2331155,2323211
4111,2337589,2343459,2322051
4114,2337589,2333901,2322051
4124,2335544,2417864,2415537
4138,2333498,2320624,2334998
4147,2339647,2331137,2320458
4151,2327360,2318705,2319606
4157,2327360,2336726,2341641
4159,2327360,2323171,2335514
4165,2333505,2333778,2334202
4166,2333505,2342906,2321522
4171,2317124,2342558,2411552
4172,2317124,2326836,2340337
4173,2317124,2340934,2326836
4175,2317124,2327974,2342558
4189,2333511,2328769,2317206
4190,2333511,2412307,2317206
4192,2329421,2340875,2320196
4197,2329421,2342048,2320196
4202,2317135,2343057,2321213
4203,2317135,2324599,2414146
4204,2317135,2321213,2327460
4214,2321233,2414936,2315875
4221,2415442,2411792,2325247
4234,2335570,2341617,2335901
4235,2335570,2316251,2335901
4238,2335570,2315569,2341617
4239,2335570,2327414,2341617
4241,2333524,2342292,2327974
4244,2333524,2319377,2413100
4247,2333524,2342292,2337462
4249,2333524,2336359,2328280
4250,2333524,2329810,2328280
4251,2417493,2327832,2330316
4253,2417493,2318847,2327832
4268,2321238,2337451,2321539
4270,2321238,2329671,2332033
4273,2319188,2411693,2337238
4280,2319188,2323181,2335187
4292,2415453,2324635,2323972
4299,2415453,2330733,2324635
4306,2341728,2414861,2316029
4309,2341728,2329769,2321453
4331,2339681,2321533,2332885
4335,2339681,2324696,2333007
4337,2339681,2333007,2321533
4338,2339681,2326398,2324696
4339,2339681,2319491,2333007
4347,2335584,2320396,2317992
4348,2335584,2330415,2316618
4355,2341735,2323853,2334047
4356,2341735,2333653,2328171
4360,2341735,2322250,2323853
4361,2329449,2318269,2320206
4366,2329449,2321636,2330088
4377,2335593,2321955,2342211
4379,2335593,2319491,2334745
4380,2335593,2316305,2415781
4381,2337644,2339427,2337929
4383,2337644,2324692,2341960
4415,2319214,2329958,2317975
4436,2413432,2337106,2343489
4443,2341759,2414504,2331471
4444,2341759,2324894,2339947
4462,2339718,2322741,2321401
4464,2339718,2322741,2332530
4466,2339718,2325171,2411567
4475,2321288,2339470,2321768
4476,2321288,2339470,2329329
4478,2321288,2338733,2342058
4486,2337676,2323798,2316550
4496,2339725,2414810,2336963
4498,2339725,2336963,2326830
4503,2329484,2333589,2340720
4507,2329484,2333589,2333007
4523,2337680,2328428,2332783
4536,2327441,2339565,2343159
4537,2327441,2315608,2412485
4538,2327441,2343417,2315654
4543,2325395,2325853,2340692
4549,2325395,2325853,2343310
4550,2325395,2340692,2322711
4552,2333589,2332024,2330785
4553,2333589,2336990,2333007
4556,2333589,2413930,2317074
4560,2333589,2416546,2334386
4570,2329493,2413474,2340524
4585,2325404,2320242,2316301
4595,2333596,2338106,2328863
4600,2333596,2339219,2325544
4616,2333599,2333549,2412755
4618,2333599,2319558,2416487
4629,2339745,2319442,2416814
4649,2329506,2339382,2342163
4672,2335658,2411684,2317126
4673,2335658,2332502,2338805
4674,2335658,2320905,2323907
4678,2335658,2331617,2323907
4679,2335658,2414978,2320905
4690,2333615,2324894,2323552
4695,2339760,2325153,2341505
4715,2321335,2321499,2323755
4725,2415546,2318716,2413920
4732,2339770,2332715,2328764
4733,2339770,2318934,2335765
4734,2339770,2328764,2412382
4742,2335677,2318059,2338868
4744,2335677,2317419,2331323
4747,2335677,2417910,2337972
4750,2335677,2337972,2326039
4751,2317249,2417015,2417074
4752,2317249,2342804,2319241
4753,2317249,2340596,2342804
4754,2317249,2341774,2322510
4756,2317249,2338318,2336400
4761,2323400,2412123,2331907
4764,2323400,2412123,2340697
4768,2323400,2331907,2340697
4770,2323400,2412123,2329542
4771,2331593,2319853,2416467
4776,2331593,2323748,2336463
4781,2333642,2319527,2319670
4788,2333642,2343282,2334823
4789,2333642,2343635,2324891
4790,2333642,2324891,2320712
4793,2335692,2417971,2317885
4794,2335692,2335274,2341951
4795,2335692,2329507,2341951
4796,2335692,2323907,2416767
4798,2335692,2324753,2335274
4799,2335692,2416767,2329660
4803,2337742,2415286,2323503
4810,2337742,2414353,2414266
4811,2319310,2330494,2320498
4812,2319310,2330494,2339765
4813,2319310,2330494,2417237
4818,2319310,2330494,2416473
4832,2417622,2417301,2414729
4851,2317272,2318472,2332482
4853,2317272,2332482,2324306
4854,2317272,2416411,2332482
4855,2317272,2337066,2316372
4858,2317272,2316408,2316372
4861,2319321,2413589,2326751
4863,2319321,2316668,2323953
4868,2319321,2414476,2342353
4882,2335712,2416000,2318566
4895,2327523,2413535,2330772
4900,2327523,2414091,2417538
4912,2327526,2412565,2322559
4914,2327526,2340064,2415242
4920,2327526,2412565,2415242
4923,2333670,2340731,2338634
4930,2333670,2417379,2414588
4933,2323432,2323049,2334909
4955,2317296,2329700,2331502
4960,2317296,2339427,2338105
4975,2329591,2316821,2342275
4976,2329591,2316821,2317955
4987,2335735,2415288,2412142
4990,2335735,2415288,2334383
4994,2319353,2322890,2316476
4997,2319353,2327354,2416396
4999,2319353,2327520,2322890
5004,2415610,2414227,2340231
5005,2415610,2333028,2340231
5008,2415610,2333848,2325521
5016,2327547,2412992,2324615
5019,2327547,2328176,2324615
5021,2325500,2321782,2317003
5033,2417661,2331096,2413047
5064,2417660,2319992,2334417
5079,2335745,2343175,2318051
5081,2415617,2327882,2332809
5082,2415617,2333842,2334863
5083,2415617,2322429,2321243
5084,2415617,2332809,2332334
5088,2415617,2334202,2324527
5089,2415617,2333753,2332334
5100,2317308,2318050,2416059
5116,2411525,2340495,2415822
5122,2321417,2320671,2415237
5129,2321417,2325233,2336681
5130,2321417,2328186,2334636
5132,2335755,2321667,2317111
5139,2335755,2416522,2333918
5141,2321421,2320793,2315813
5143,2321421,2342566,2417397
5155,2417677,2328186,2329262
5159,2417677,2323211,2338491
5161,2323473,2333804,2330660
5163,2323473,2319008,2331144
5164,2323473,2319008,2324371
5169,2323473,2414322,2330272
5170,2323473,2330660,2416883
5173,2319377,2417498,2412755
5176,2319377,2326722,2324812
5190,2339860,2414269,2333795
5209,2417688,2318134,2337899
5210,2417688,2325653,2319438
5212,2337815,2330485,2341842
5214,2337815,2333450,2321882
5216,2337815,2416276,2327770
5222,2319386,2315661,2343307
5224,2319386,2323403,2315661
5233,2333719,2341719,2337899
5236,2333719,2322616,2340588
5239,2333719,2341775,2342626
5242,2335781,2332058,2333844
5248,2335781,2323290,2340146
5278,2331689,2329939,2319512
5280,2331689,2323203,2417287
5291,2417710,2319148,2341960
5295,2417710,2338514,2336201
5299,2417710,2415492,2336369
5300,2417710,2338514,2343527
5301,2317359,2412281,2413993
5312,2417712,2326278,2413381
5328,2325556,2331851,2413826
5337,2333753,2340939,2324158
5339,2333753,2340939,2413777
5352,2413630,2323981,2413421
5358,2413630,2316531,2324991
5365,2323522,2339975,2335843
5368,2323522,2323672,2337764
5373,2331719,2336924,2416285
5384,2323528,2326424,2334560
5386,2323528,2333710,2338696
5390,2323528,2316421,2317328
5408,2331733,2335103,2414124
5410,2331733,2335103,2329356
5436,2317401,2329221,2332622
5449,2321499,2331905,2338634
5450,2321499,2320642,2340526
5456,2417756,2334439,2335078
5458,2417756,2417928,2334926
5462,2325597,2341839,2331792
5467,2325597,2331702,2340883
5468,2325597,2315840,2331792
5473,2315357,2335062,2329778
5474,2315357,2329778,2327667
5491,2323552,2334879,2338020
5499,2323552,2327297,2338020
5502,2415718,2323837,2336300
5514,2327654,2336037,2321919
5518,2327654,2343459,2319270
5520,2327654,2317136,2412914
5522,2325609,2318770,2335187
5530,2325609,2327510,2417023
5535,2315372,2332927,2332124
5537,2315372,2332124,2320604
5538,2315372,2343546,2332927
5546,2329710,2412498,2320251
5554,2417775,2323069,2322445
5572,2417783,2413135,2412480
5573,2417783,2340305,2413135
5574,2417783,2413135,2328373
5575,2417783,2412480,2340764
5583,2319483,2328226,2323631
5585,2319483,2326875,2328226
5591,2337916,2413595,2413974
5592,2337916,2342063,2331852
5593,2337916,2315478,2417317
5594,2337916,2315478,2332293
5596,2337916,2332293,2342063
5603,2337917,2321803,2334740
5604,2337917,2317254,2337766
5606,2337917,2335977,2319495
5629,2413695,2412292,2413253
5631,2333820,2321892,2322791
5634,2333820,2326093,2417487
5635,2333820,2411697,2338618
5637,2333820,2326093,2322791
5639,2333820,2337817,2327755
5642,2315393,2320260,2328658
5658,2333829,2342845,2327758
5659,2333829,2319705,2416562
5664,2325641,2327461,2336489
5668,2325641,2329260,2334702
5685,2317452,2335467,2337821
5687,2317452,2337821,2332885
5694,2317453,2328944,2324798
5695,2317453,2328944,2341417
5704,2317454,2331064,2316280
5705,2317454,2316280,2330785
5708,2317454,2321455,2334386
5725,2337934,2327752,2416272
5726,2337934,2416272,2413032
5728,2337934,2328457,2328468
5736,2335891,2316903,2335713
5738,2335891,2324375,2334360
5746,2417813,2315949,2417805
5758,2325653,2315954,2320196
5768,2317465,2331135,2340331
5789,2315421,2343310,2414330
5792,2325666,2325041,2340521
5797,2325666,2343228,2341946
5804,2323622,2316006,2323068
5805,2323622,2327728,2339612
5811,2315436,2342203,2415537
5832,2337964,2317202,2333630
5851,2415792,2339085,2337795
5863,2319537,2417119,2328905
5865,2319537,2411599,2329877
5867,2319537,2417119,2338675
5900,2413752,2321849,2329973
5907,2335930,2343434,2325886
5909,2335930,2325577,2417066
5913,2325691,2341034,2318276
5914,2325691,2329822,2342612
5917,2325691,2330135,2338206
5919,2325691,2341034,2342612
5922,2417853,2333524,2325709
5940,2325694,2334809,2319409
5944,2333887,2412755,2412285
5948,2333887,2316347,2319581
5952,2315455,2417284,2321356
5955,2315455,2339130,2322170
5959,2315455,2417284,2321469
5960,2315455,2333911,2342874
5982,2342084,2417104,2332272
5984,2342084,2343502,2318145
5991,2417862,2316547,2343608
6013,2327753,2321129,2329810
6015,2327753,2331147,2326320
6018,2327753,2416327,2326320
6020,2327753,2342897,2328727
6053,2315470,2334861,2337039
6059,2315470,2329774,2330472
6065,2413777,2333346,2322885
6079,2327763,2337500,2323672
6087,2417877,2320314,2324575
6089,2417877,2341543,2340247
6103,2335966,2318894,2326129
6107,2335966,2326129,2334322
6109,2335966,2327053,2327510
6122,2323681,2331991,2412286
6130,2323681,2317660,2317545
6148,2329825,2322680,2343436
6152,2342113,2335047,2338300
6153,2342113,2412561,2417994
6154,2342113,2335047,2417994
6156,2342113,2412561,2416865
6159,2342113,2412561,2316259
6161,2315493,2334602,2324373
6162,2315493,2324919,2327674
6163,2315493,2316951,2415779
6168,2315493,2320925,2337462
6169,2315493,2417880,2316675
6170,2315493,2316675,2327528
6171,2321636,2336345,2317246
6173,2321636,2417379,2336345
6174,2321636,2332195,2336345
6175,2321636,2317389,2317996
6176,2321636,2414588,2342181
6181,2411752,2320776,2328480
6187,2411752,2342558,2416914
6189,2411752,2416329,2336981
6212,2417907,2325451,2333091
6213,2417907,2341051,2329631
6233,2342132,2331144,2320567
6242,2411768,2326143,2336486
6246,2411768,2337393,2325833
6247,2411768,2329064,2331147
6249,2411768,2341921,2339876
6250,2411768,2331278,2325833
6251,2327800,2339499,2343352
6253,2327800,2342688,2322403
6254,2327800,2320045,2322772
6255,2327800,2325165,2416903
6256,2327800,2326272,2322772
6264,2317563,2333795,2318585
6266,2317563,2317267,2413068
6268,2317563,2319800,2317267
6270,2317563,2319360,2317267
6274,2319611,2412121,2412397
6287,2331901,2324604,2411697
6296,2315519,2316439,2341966
6298,2315519,2325083,2337213
6307,2317572,2317043,2322116
6309,2317572,2319470,2326185
6316,2329870,2343039,2343546
6321,2336015,2342113,2323732
6323,2336015,2412105,2332293
6329,2336015,2328999,2412105
6332,2327824,2339652,2322353
6333,2327824,2333449,2336355
6337,2327824,2322353,2327081
6343,2319634,2316837,2417940
6352,2340114,2317532,2318099
6353,2340114,2412316,2335453
6354,2340114,2333511,2412658
6358,2340114,2320745,2337321
6364,2323735,2414354,2317897
6369,2323735,2334815,2414354
6370,2323735,2337192,2414720
6373,2338073,2340939,2322665
6380,2338073,2323540,2330246
6384,2342171,2317375,2317811
6385,2342171,2412364,2340386
6397,2333981,2337050,2327914
6405,2329885,2342761,2417814
6408,2329885,2415592,2412601
6411,2338079,2328072,2415979
6416,2338079,2328072,2343715
6417,2338079,2328596,2416657
6419,2338079,2324078,2337303
6428,2417952,2414994,2416950
6432,2415902,2317237,2412742
6438,2415902,2330103,2316136
6439,2415902,2411608,2341505
6451,2413861,2335553,2342268
6465,2315558,2332472,2326034
6467,2315558,2342527,2336995
6470,2315558,2413045,2316917
6471,2329895,2416649,2316282
6472,2329895,2415550,2315883
6474,2329895,2338133,2321972
6478,2329895,2321972,2316023
6483,2415914,2317646,2341373
6484,2415914,2342965,2343337
6494,2317610,2326990,2341105
6495,2317610,2330256,2320391
6496,2317610,2342248,2342664
6497,2317610,2318565,2333351
6498,2317610,2341105,2318565
6499,2317610,2323811,2326990
6500,2317610,2318565,2323811
6507,2319666,2412371,2411861
6520,2342195,2416229,2333326
6521,2321716,2318978,2329772
6531,2321715,2318094,2315527
6536,2321715,2327959,2322040
6542,2323767,2331599,2323403
6569,2340156,2343008,2415386
6575,2325820,2337832,2414374
6579,2325820,2342917,2333007
6586,2415935,2417147,2417527
6593,2417994,2326300,2335047
6594,2417994,2325490,2335845
6595,2417994,2317187,2412105
6598,2417994,2326300,2336183
6603,2413902,2333030,2329485
6613,2321743,2336020,2331458
6617,2321743,2331458,2336019
6629,2336080,2334753,2319636
6645,2340178,2340815,2342317
6647,2340178,2341401,2341983
6650,2340178,2416465,2320565
6656,2317651,2337991,2321942
6668,2338131,2333697,2325083
6672,2315605,2317927,2411618
6673,2315605,2333756,2413742
6683,2411862,2417120,2342407
6691,2411861,2317664,2329711
6692,2411861,2411646,2326397
6693,2411861,2318495,2416843
6694,2411861,2326397,2324394
6696,2411861,2329711,2318495
6697,2411861,2326397,2318495
6711,2338138,2411959,2339266
6725,2338144,2326742,2328235
6726,2338144,2328235,2331283
6727,2338144,2321302,2320437
6728,2338144,2328235,2341428
6752,2342245,2332811,2342258
6762,2336101,2317207,2320391
6766,2336101,2412492,2323811
6769,2336101,2317207,2331977
6771,2415979,2327319,2328868
6772,2415979,2332311,2328868
6773,2415979,2343028,2332073
6821,2321777,2336089,2324840
6829,2321777,2318899,2322283
6831,2317687,2340989,2415677
6850,2321784,2327781,2326847
6851,2415993,2340870,2415350
6859,2415993,2415350,2318680
6860,2415993,2417854,2340870
6866,2323833,2322561,2332870
6881,2321788,2415960,2334557
6887,2321788,2333558,2322540
6892,2332025,2338722,2329400
6893,2332025,2333204,2329113
6894,2332025,2328769,2415964
6897,2332025,2340890,2341580
6912,2321794,2327510,2317495
6922,2336129,2336444,2333308
6939,2315652,2417075,2329244
6950,2332038,2336653,2333883
6952,2336135,2328235,2330975
6954,2336135,2336497,2318785
6957,2336135,2321694,2318785
6958,2336135,2318785,2336863
6959,2336135,2331028,2322597
6973,2325902,2335511,2339130
6986,2416017,2322323,2325905
6995,2338194,2318819,2320677
6999,2338194,2318978,2333453
7000,2338194,2334038,2318819
7020,2340247,2320314,2327405
7026,2416032,2416849,2318367
7027,2416032,2322277,2412907
7033,2413984,2336589,2329624
7037,2413984,2334571,2336859
7041,2338208,2326694,2324607
7042,2338208,2342626,2315797
7046,2338208,2337632,2333541
7052,2411940,2335097,2319500
7055,2411940,2320565,2334972
7059,2411940,2341366,2416972
7062,2336164,2330867,2319558
7064,2336164,2327974,2413709
7065,2336164,2415822,2330867
7073,2327974,2334480,2323497
7084,2413991,2322916,2318568
7086,2413991,2321743,2322625
7092,2342312,2339992,2319856
7097,2342312,2417744,2334127
7104,2323882,2318716,2320584
7105,2323882,2320349,2332843
7113,2327981,2327232,2339159
7114,2327981,2334701,2334221
7117,2327981,2334221,2335304
7118,2327981,2324591,2328323
7120,2327981,2342445,2318894
7130,2334131,2317913,2415238
7131,2321846,2322973,2414692
7132,2321846,2327114,2316223
7133,2321846,2332728,2323270
7141,2342333,2337523,2320026
7142,2342333,2320026,2417228
7145,2342333,2320026,2416927
7152,2411966,2316569,2339812
7155,2411966,2317299,2321575
7158,2411966,2321575,2336471
7165,2325954,2342819,2317652
7168,2325954,2321985,2335287
7174,2330052,2328235,2315928
7176,2330052,2325467,2320862
7178,2330052,2328235,2339666
7184,2336196,2322477,2333032
7185,2336196,2342674,2331189
7202,2416072,2326278,2325556
7203,2416072,2323495,2315993
7208,2416072,2318895,2329739
7214,2336201,2331015,2336939
7217,2336201,2336939,2319662
7220,2336201,2331015,2315944
7224,2338254,2315825,2324815
7229,2338254,2316478,2416897
7234,2321872,2322667,2415568
7236,2321872,2335881,2331164
7241,2416085,2320962,2339309
7245,2416085,2417789,2337468
7246,2416085,2320962,2341198
7254,2319834,2417195,2411843
7259,2319834,2326756,2343095
7281,2342368,2318747,2341949
7286,2342368,2322574,2333294
7292,2315748,2326950,2318818
7294,2315748,2326207,2413742
7296,2315748,2316329,2318818
7304,2340326,2336954,2333795
7306,2340326,2328570,2332093
7307,2340326,2328810,2413068
7308,2340326,2332093,2324956
7310,2340326,2339504,2417682
7311,2340327,2340560,2330814
7314,2340327,2341843,2331432
7327,2323945,2339718,2322707
7331,2317806,2336671,2412078
7332,2317806,2340501,2336671
7336,2317806,2316325,2415884
7341,2340340,2326419,2325247
7347,2340340,2343176,2415442
7353,2336244,2320798,2326649
7357,2336244,2330813,2416094
7379,2330103,2320486,2316316
7381,2328057,2317397,2325820
7396,2338298,2339777,2327315
7397,2338298,2339777,2324106
7400,2338298,2324106,2332336
7409,2319867,2339647,2320458
7426,2321917,2413266,2328574
7428,2321917,2328574,2315644
7432,2315770,2336444,2416022
7435,2315770,2342433,2325087
7436,2315770,2416022,2324214
7449,2319872,2321367,2417231
7451,2319874,2332617,2332871
7452,2319874,2327332,2416296
7455,2319874,2328966,2316883
7459,2319874,2316883,2413684
7466,2412035,2416834,2326178
7479,2342403,2324380,2411919
7481,2414082,2320989,2337522
7488,2414082,2337522,2340385
7501,2323981,2414071,2335047
7507,2323981,2336183,2320594
7510,2323981,2321892,2337817
7518,2342414,2323811,2414815
7520,2342414,2321845,2333581
7521,2326031,2413834,2317454
7523,2326031,2413834,2341846
7527,2326031,2319125,2340758
7529,2326031,2341846,2332849
7552,2323988,2321085,2337464
7556,2323988,2322448,2325197
7558,2323988,2337464,2315928
7560,2323988,2325197,2339379
7573,2330135,2320636,2341018
7588,2319895,2336002,2321108
7589,2319895,2338728,2330034
7592,2326040,2340102,2322518
7600,2326040,2331136,2318785
7601,2317849,2340596,2328580
7604,2317849,2340305,2336400
7605,2317849,2330516,2334320
7612,2338332,2318935,2326911
7637,2317854,2318601,2416344
7644,2328094,2339024,2327243
7645,2328094,2335697,2320314
7647,2328094,2330067,2327243
7652,2416160,2416272,2317604
7655,2416160,2333042,2417580
7666,2340383,2343604,2334508
7675,2315817,2334574,2340969
7678,2315817,2342648,2332592
7679,2315817,2332592,2328010
7680,2315817,2332592,2413789
7704,2416180,2326357,2324712
7709,2416180,2414872,2317811
7721,2342453,2329331,2330497
7726,2342453,2415456,2331309
7730,2342453,2318121,2415456
7732,2317880,2320320,2414408
7742,2338361,2411915,2327209
7748,2338361,2328554,2411915
7763,2315835,2413325,2338783
7767,2315835,2413137,2417417
7771,2414140,2342378,2333687
7774,2414140,2330273,2317549
7775,2414140,2318657,2342378
7779,2414140,2317549,2341416
7782,2315836,2329943,2334534
7786,2315836,2329943,2343665
7795,2315834,2337022,2322332
7802,2315840,2341842,2329765
7812,2326082,2335477,2333612
7816,2326082,2319236,2337975
7817,2326082,2329202,2337975
7818,2326082,2337975,2328462
7826,2317894,2322148,2417375
7829,2317894,2322148,2337520
7831,2336327,2317635,2333038
7836,2336327,2336920,2317635
7841,2321994,2327530,2321918
7843,2321994,2319059,2317742
7849,2321994,2319928,2338624
7850,2321994,2338624,2340145
7851,2334286,2320305,2320229
7852,2334286,2326609,2320229
7856,2334286,2330077,2334883
7859,2334286,2316311,2319607
7873,2330197,2319854,2318331
7884,2412120,2343691,2324467
7885,2412120,2411690,2337040
7892,2340441,2412645,2341906
7906,2332248,2316960,2332239
7910,2332248,2340474,2413474
7928,2324065,2333968,2416089
7930,2324065,2321397,2413803
7933,2412129,2342316,2334710
7941,2334310,2320745,2340114
7943,2334310,2322540,2321727
7953,2319975,2335337,2332760
7963,2336359,2342292,2325365
7967,2336359,2336741,2334896
7969,2336359,2320925,2318729
7970,2336359,2342292,2339109
7977,2322027,2325749,2342252
7978,2322027,2416903,2325749
7991,2332273,2335932,2320687
7995,2332273,2326122,2316323
7997,2332273,2318984,2326122
8001,2334322,2338698,2330035
8015,2326134,2321999,2321126
8018,2326134,2340236,2322605
8025,2416249,2414719,2335248
8032,2336379,2411952,2412054
8036,2336379,2323186,2330593
8045,2340476,2330698,2316197
8047,2340476,2341974,2336009
8061,2317951,2329711,2415339
8066,2317951,2416559,2416704
8067,2317951,2328765,2416704
8068,2317951,2415339,2334663
8069,2317951,2329996,2411861
8071,2319999,2325963,2321647
8077,2319999,2412760,2317927
8081,2336386,2318711,2343242
8085,2336386,2333410,2316580
8095,2317955,2324073,2331800
8099,2317955,2339378,2413751
8107,2315909,2322678,2334833
8121,2342536,2341529,2320161
8130,2342536,2330330,2327789
8132,2342539,2414683,2342785
8134,2342539,2414683,2316121
8137,2342539,2320456,2321165
8151,2342540,2320638,2320776
8154,2342540,2414021,2315490
8157,2342540,2412526,2416061
8159,2342540,2315490,2334626
8164,2338447,2415829,2414708
8165,2338447,2337462,2318525
8167,2338447,2325365,2338911
8171,2334351,2411710,2333032
8188,2340497,2329315,2342997
8189,2340497,2338404,2318333
8198,2334356,2334656,2340516
8206,2324117,2341774,2322510
8208,2324117,2334315,2417242
8209,2324117,2322134,2316285
8213,2342552,2412538,2337235
8215,2342552,2413206,2337235
8222,2332315,2317129,2325759
8228,2332315,2325759,2316579
8229,2332315,2342837,2325759
8237,2320028,2324461,2343304
8251,2414238,2317775,2317792
8260,2414238,2317775,2326068
8282,2317987,2336254,2336683
8288,2317987,2329893,2329488
8293,2320037,2320820,2336994
8304,2416294,2328279,2320401
8305,2416294,2323057,2328279
8312,2336425,2320095,2327384
8315,2336425,2323372,2318897
8323,2338474,2334971,2342239
8331,2334378,2329484,2322652
8333,2334378,2319309,2321565
8334,2334378,2328722,2332024
8357,2317998,2322039,2342592
8358,2317998,2327050,2316492
8366,2334383,2330772,2412502
8388,2342585,2414148,2414073
8411,2320067,2415456,2319651
8418,2320067,2322811,2317253
8423,2332361,2332817,2340231
8424,2332361,2320666,2334421
8425,2332361,2331708,2320666
8439,2412235,2335558,2412531
8444,2340556,2317682,2335587
8445,2340556,2417231,2323069
8448,2340556,2335587,2315911
8450,2340556,2338606,2417231
8458,2332363,2326900,2335093
8463,2328268,2414473,2412634
8475,2332367,2416458,2328787
8476,2332367,2417888,2320922
8480,2332367,2328787,2329354
8510,2338514,2319148,2340217
8526,2416340,2323125,2318286
8534,2330325,2417757,2416956
8539,2330325,2415580,2331474
8542,2324181,2414516,2317125
8553,2322131,2319075,2343546
8557,2322131,2323827,2324094
8564,2315995,2328033,2417130
8566,2315995,2316043,2328501
8581,2328287,2411567,2335920
8584,2328287,2326873,2315948
8585,2328287,2315688,2337378
8591,2412265,2320618,2339736
8599,2412265,2414488,2325584
8600,2412265,2341287,2416254
8602,2340586,2337698,2342144
8603,2340586,2340591,2336224
8604,2340586,2341450,2337698
8611,2332395,2331423,2342962
8612,2332395,2318034,2339343
8616,2332395,2338871,2327035
8619,2332395,2315571,2321631
8621,2328303,2415677,2339991
8622,2328303,2416442,2317513
8623,2328303,2315863,2322062
8624,2328303,2317513,2315863
8630,2328303,2412787,2325454
8635,2322160,2318071,2329629
8638,2322160,2318071,2341776
8646,2320112,2413800,2340389
8647,2320112,2416851,2341427
8655,2322162,2329131,2341536
8664,2342642,2327201,2416849
8671,2338546,2342076,2333907
8672,2338546,2342076,2317174
8680,2338546,2318556,2339948
8681,2340598,2324012,2329413
8687,2340598,2325454,2415677
8690,2340598,2333273,2417667
8694,2318071,2319517,2316823
8697,2318071,2325908,2339341
8699,2318071,2339341,2338048
8714,2342648,2333745,2334574
8716,2342648,2333745,2330556
8722,2412283,2416807,2339309
8724,2412283,2318702,2335093
8741,2340605,2335925,2341660
8742,2340605,2340479,2316261
8743,2340605,2329443,2329956
8744,2340605,2316261,2338242
8751,2328318,2417926,2321843
8753,2328318,2318565,2342414
8758,2328318,2328862,2417926
8759,2328318,2417136,2318565
8780,2318077,2338948,2338929
8782,2320129,2330647,2332510
8792,2412290,2338927,2335456
8798,2412290,2333053,2336515
8802,2324236,2335823,2317522
8807,2324236,2317522,2340500
8809,2324236,2414354,2415963
8819,2330382,2317203,2416285
8820,2330382,2321445,2416285
8822,2414354,2317987,2331851
8823,2414354,2316479,2324151
8825,2414354,2332528,2326859
8826,2414354,2326482,2316479
8835,2336531,2322746,2324955
8839,2336531,2327210,2342741
8840,2336531,2330948,2339359
8847,2414359,2317578,2332598
8848,2414359,2416674,2325513
8860,2324248,2336729,2336995
8862,2412314,2343008,2329312
8864,2412314,2339503,2330236
8865,2412314,2343008,2323889
8866,2412314,2337293,2326266
8868,2412314,2339626,2416350
8869,2412314,2413197,2339362
8874,2336539,2315392,2326651
8875,2336539,2317687,2323077
8903,2318109,2336796,2413902
8908,2318109,2334383,2318121
8913,2330400,2325809,2341112
8915,2330400,2340507,2341112
8916,2330400,2329765,2326307
8917,2330400,2326307,2327605
8934,2330406,2333460,2413794
8937,2330406,2336589,2328030
8938,2330406,2333476,2413794
8952,2326315,2337088,2416306
8953,2326315,2416306,2328331
8960,2326315,2337089,2413210
8969,2330413,2415047,2343455
8971,2326318,2339313,2328252
8981,2330414,2329406,2323291
8982,2330414,2321324,2320026
8984,2330414,2321324,2415250
8998,2322225,2335902,2319540
9005,2416434,2325058,2333795
9009,2416434,2315505,2321741
9029,2318134,2325664,2335191
9031,2336567,2338925,2342825
9041,2326335,2323719,2341891
9044,2326335,2325474,2336773
9045,2326335,2416953,2327736
9046,2326335,2324496,2323719
9050,2326335,2335589,2325474
9057,2334531,2339531,2415473
9061,2334532,2316328,2328265
9077,2316099,2340654,2326304
9079,2316099,2337933,2325157
9081,2416454,2319711,2333229
9096,2320200,2413090,2412502
9097,2320200,2413090,2334383
9099,2320200,2328700,2324026
9103,2322248,2414720,2320618
9110,2322248,2322737,2341868
9112,2330441,2416743,2320659
9113,2330441,2413103,2412094
9116,2330441,2322006,2316509
9125,2336587,2414488,2341784
9129,2336587,2325987,2413868
9134,2332492,2325008,2328553
9145,2326352,2340868,2329401
9147,2326352,2416922,2333670
9151,2336592,2323549,2317206
9154,2336592,2343571,2323549
9158,2336592,2340420,2333204
9169,2326355,2318984,2416791
9172,2334557,2324708,2333379
9178,2334557,2341740,2415960
9181,2332510,2321647,2417490
9183,2332510,2320734,2417490
9185,2332510,2317374,2320734
9202,2320227,2335999,2327518
9204,2320227,2328072,2319461
9209,2320227,2319461,2327518
9218,2326372,2326673,2321579
9248,2336618,2316470,2413084
9250,2336618,2326409,2316470
9251,2342762,2336543,2340912
9260,2342762,2320130,2324062
9261,2336623,2412658,2330431
9274,2330481,2317920,2412450
9281,2322289,2336256,2320546
9285,2322289,2321297,2325309
9298,2330482,2325597,2324504
9301,2416501,2343142,2321426
9303,2416501,2317012,2340800
9306,2416501,2319336,2329274
9307,2416501,2343142,2334435
9309,2416501,2318607,2411608
9314,2340731,2322794,2417530
9332,2320252,2337832,2316948
9335,2320252,2337832,2321919
9338,2320252,2337832,2321205
9344,2326398,2339241,2414374
9349,2326398,2325959,2416546
9351,2334592,2318580,2319954
9355,2334592,2338748,2318580
9362,2342785,2342377,2416559
9367,2342785,2327508,2339471
9372,2330498,2335043,2339426
9381,2326401,2325644,2341231
9383,2326401,2328186,2342687
9386,2326401,2327885,2324703
9394,2334594,2412381,2417971
9396,2334594,2328385,2330537
9397,2334594,2327818,2416623
9399,2334594,2412991,2328385
9404,2412420,2326730,2412076
9408,2412420,2334757,2330035
9411,2316163,2416720,2331794
9419,2316163,2336801,2320798
9432,2322312,2317513,2332544
9444,2332554,2316438,2322832
9449,2332554,2340574,2334435
9454,2324364,2335727,2323238
9471,2318221,2332367,2341610
9475,2318221,2416458,2318985
9477,2318221,2337277,2416458
9478,2318221,2316263,2336238
9484,2342801,2336261,2412668
9494,2330516,2321092,2327824
9495,2330516,2321092,2317849
9499,2330516,2339064,2341099
9510,2342809,2318242,2325723
9524,2336671,2321390,2335273
9526,2336671,2335244,2321608
9528,2336671,2338776,2340203
9537,2328480,2323408,2417296
9543,2320289,2325141,2331031
9546,2320289,2321445,2415307
9555,2332581,2416391,2318597
9556,2332581,2323724,2322670
9560,2332581,2336148,2321085
9562,2316197,2412563,2342797
9564,2316197,2337933,2342797
9566,2316197,2412563,2413213
9567,2316197,2342797,2334508
9569,2316197,2321121,2413213
9584,2334635,2324492,2317214
9589,2334635,2324840,2325542
9603,2334637,2318554,2323992
9607,2334637,2335371,2332365
9623,2318255,2413258,2318106
9632,2342832,2416788,2342350
9633,2342832,2320890,2335613
9661,2414527,2322648,2341541
9664,2414527,2321882,2324055
9682,2412479,2321898,2333033
9685,2412479,2334394,2327944
9687,2412479,2321655,2414503
9709,2324417,2319683,2415677
9713,2416580,2342301,2333652
9714,2416580,2342301,2326510
9716,2416580,2317306,2316952
9721,2412485,2336154,2319653
9723,2412485,2315522,2414014
9724,2412485,2329601,2417146
9726,2412485,2339432,2324515
9728,2412485,2337969,2417146
9738,2324422,2341051,2415884
9739,2324422,2415884,2336367
9769,2326475,2416974,2334439
9770,2326475,2319360,2411996
9776,2336717,2317440,2417912
9798,2324439,2325829,2325219
9801,2338775,2322822,2319992
9803,2338775,2317041,2414284
9805,2338775,2416355,2331445
9806,2338775,2343375,2331445
9808,2338775,2343375,2316223
9814,2340825,2328917,2316570
9816,2340825,2328917,2328396
9821,2342874,2315455,2319690
9822,2342874,2339130,2330120
9826,2342874,2326939,2341705
9827,2342874,2417284,2319067
9829,2342874,2414777,2330120
9841,2336739,2320400,2317019
9842,2336739,2333426,2320400
9844,2336739,2339868,2340319
9846,2336739,2333426,2340319
9847,2336739,2340319,2337942
9850,2336739,2333426,2326393
9862,2318308,2413340,2320937
9865,2318308,2326320,2411579
9871,2322407,2336978,2327047
9873,2322407,2317559,2327047
9882,2330601,2413816,2325071
9885,2330601,2323710,2413816
9902,2316268,2338619,2323102
9910,2316268,2338202,2325057
9929,2332652,2322381,2333030
9933,2326515,2317687,2331312
9937,2326515,2332039,2317513
9938,2326515,2317687,2413408
9941,2340853,2412240,2338911
9948,2340853,2415779,2327741
9964,2316280,2322577,2315916
9970,2316280,2335751,2340997
9971,2316282,2322271,2411837
9979,2316282,2322271,2417129
9999,2322429,2415032,2333480
10000,2322429,2337188,2326385
